topicId,rank,docId,filename
1,1,19,/Users/lynn/Documents/My Talks and Courses/TopicNetworksPyladies/./data/mixed_chapters/conrad_secret_ch2.txt
1,2,18,/Users/lynn/Documents/My Talks and Courses/TopicNetworksPyladies/./data/mixed_chapters/conrad_secret_ch1.txt
1,3,6,/Users/lynn/Documents/My Talks and Courses/TopicNetworksPyladies/./data/mixed_chapters/austen_sense_ch2.txt
1,4,4,/Users/lynn/Documents/My Talks and Courses/TopicNetworksPyladies/./data/mixed_chapters/austen_pride_ch50.txt
1,5,20,/Users/lynn/Documents/My Talks and Courses/TopicNetworksPyladies/./data/mixed_chapters/doyle_caseofidentity.txt
1,6,5,/Users/lynn/Documents/My Talks and Courses/TopicNetworksPyladies/./data/mixed_chapters/austen_sense_ch1.txt
1,7,8,/Users/lynn/Documents/My Talks and Courses/TopicNetworksPyladies/./data/mixed_chapters/austen_sense_ch41.txt
1,8,21,/Users/lynn/Documents/My Talks and Courses/TopicNetworksPyladies/./data/mixed_chapters/doyle_redheadedleague.txt
1,9,26,/Users/lynn/Documents/My Talks and Courses/TopicNetworksPyladies/./data/mixed_chapters/eliot_middlemarch_ch73.txt
1,10,22,/Users/lynn/Documents/My Talks and Courses/TopicNetworksPyladies/./data/mixed_chapters/doyle_scandalbohemia.txt
1,11,23,/Users/lynn/Documents/My Talks and Courses/TopicNetworksPyladies/./data/mixed_chapters/eliot_middlemarch_ch1.txt
1,12,25,/Users/lynn/Documents/My Talks and Courses/TopicNetworksPyladies/./data/mixed_chapters/eliot_middlemarch_ch48.txt
1,13,11,/Users/lynn/Documents/My Talks and Courses/TopicNetworksPyladies/./data/mixed_chapters/barrie_peterpan_ch2.txt
1,14,7,/Users/lynn/Documents/My Talks and Courses/TopicNetworksPyladies/./data/mixed_chapters/austen_sense_ch27.txt
1,15,3,/Users/lynn/Documents/My Talks and Courses/TopicNetworksPyladies/./data/mixed_chapters/austen_pride_ch40.txt
1,16,24,/Users/lynn/Documents/My Talks and Courses/TopicNetworksPyladies/./data/mixed_chapters/eliot_middlemarch_ch2.txt
1,17,27,/Users/lynn/Documents/My Talks and Courses/TopicNetworksPyladies/./data/mixed_chapters/eljames_fiftyshades_ch1.txt
1,18,1,/Users/lynn/Documents/My Talks and Courses/TopicNetworksPyladies/./data/mixed_chapters/austen_pride_ch1.txt
1,19,9,/Users/lynn/Documents/My Talks and Courses/TopicNetworksPyladies/./data/mixed_chapters/barrie_peterpan_ch1.txt
1,20,39,/Users/lynn/Documents/My Talks and Courses/TopicNetworksPyladies/./data/mixed_chapters/meyer_twilight_ch15.txt
1,21,29,/Users/lynn/Documents/My Talks and Courses/TopicNetworksPyladies/./data/mixed_chapters/eljames_fiftyshades_ch2.txt
1,22,13,/Users/lynn/Documents/My Talks and Courses/TopicNetworksPyladies/./data/mixed_chapters/brown_angels_ch2_4.txt
1,23,2,/Users/lynn/Documents/My Talks and Courses/TopicNetworksPyladies/./data/mixed_chapters/austen_pride_ch2.txt
1,24,38,/Users/lynn/Documents/My Talks and Courses/TopicNetworksPyladies/./data/mixed_chapters/meyer_twilight_ch1.txt
1,25,42,/Users/lynn/Documents/My Talks and Courses/TopicNetworksPyladies/./data/mixed_chapters/stevenson_treasure_ch1.txt
1,26,17,/Users/lynn/Documents/My Talks and Courses/TopicNetworksPyladies/./data/mixed_chapters/brown_davinci_ch92.txt
1,27,37,/Users/lynn/Documents/My Talks and Courses/TopicNetworksPyladies/./data/mixed_chapters/lewis_lionwitch_ch2.txt
1,28,30,/Users/lynn/Documents/My Talks and Courses/TopicNetworksPyladies/./data/mixed_chapters/eljames_fiftyshades_ch23.txt
1,29,43,/Users/lynn/Documents/My Talks and Courses/TopicNetworksPyladies/./data/mixed_chapters/stevenson_treasure_ch2.txt
1,30,40,/Users/lynn/Documents/My Talks and Courses/TopicNetworksPyladies/./data/mixed_chapters/meyer_twilight_ch2.txt
1,31,31,/Users/lynn/Documents/My Talks and Courses/TopicNetworksPyladies/./data/mixed_chapters/grimms_hanselgretel.txt
1,32,10,/Users/lynn/Documents/My Talks and Courses/TopicNetworksPyladies/./data/mixed_chapters/barrie_peterpan_ch15.txt
1,33,36,/Users/lynn/Documents/My Talks and Courses/TopicNetworksPyladies/./data/mixed_chapters/lewis_lionwitch_ch14.txt
1,34,34,/Users/lynn/Documents/My Talks and Courses/TopicNetworksPyladies/./data/mixed_chapters/lewis_lionwitch_ch1.txt
1,35,35,/Users/lynn/Documents/My Talks and Courses/TopicNetworksPyladies/./data/mixed_chapters/lewis_lionwitch_ch12.txt
1,36,28,/Users/lynn/Documents/My Talks and Courses/TopicNetworksPyladies/./data/mixed_chapters/eljames_fiftyshades_ch18.txt
1,37,15,/Users/lynn/Documents/My Talks and Courses/TopicNetworksPyladies/./data/mixed_chapters/brown_davinci_ch1.txt
1,38,41,/Users/lynn/Documents/My Talks and Courses/TopicNetworksPyladies/./data/mixed_chapters/meyer_twilight_ch21.txt
1,39,14,/Users/lynn/Documents/My Talks and Courses/TopicNetworksPyladies/./data/mixed_chapters/brown_davinci_ch0.txt
1,40,32,/Users/lynn/Documents/My Talks and Courses/TopicNetworksPyladies/./data/mixed_chapters/grimms_snowdrop.txt
1,41,12,/Users/lynn/Documents/My Talks and Courses/TopicNetworksPyladies/./data/mixed_chapters/brown_angels_ch1.txt
1,42,33,/Users/lynn/Documents/My Talks and Courses/TopicNetworksPyladies/./data/mixed_chapters/grimms_wateroflife.txt
1,43,16,/Users/lynn/Documents/My Talks and Courses/TopicNetworksPyladies/./data/mixed_chapters/brown_davinci_ch77.txt
2,1,30,/Users/lynn/Documents/My Talks and Courses/TopicNetworksPyladies/./data/mixed_chapters/eljames_fiftyshades_ch23.txt
2,2,28,/Users/lynn/Documents/My Talks and Courses/TopicNetworksPyladies/./data/mixed_chapters/eljames_fiftyshades_ch18.txt
2,3,29,/Users/lynn/Documents/My Talks and Courses/TopicNetworksPyladies/./data/mixed_chapters/eljames_fiftyshades_ch2.txt
2,4,27,/Users/lynn/Documents/My Talks and Courses/TopicNetworksPyladies/./data/mixed_chapters/eljames_fiftyshades_ch1.txt
2,5,39,/Users/lynn/Documents/My Talks and Courses/TopicNetworksPyladies/./data/mixed_chapters/meyer_twilight_ch15.txt
2,6,19,/Users/lynn/Documents/My Talks and Courses/TopicNetworksPyladies/./data/mixed_chapters/conrad_secret_ch2.txt
2,7,40,/Users/lynn/Documents/My Talks and Courses/TopicNetworksPyladies/./data/mixed_chapters/meyer_twilight_ch2.txt
2,8,38,/Users/lynn/Documents/My Talks and Courses/TopicNetworksPyladies/./data/mixed_chapters/meyer_twilight_ch1.txt
2,9,20,/Users/lynn/Documents/My Talks and Courses/TopicNetworksPyladies/./data/mixed_chapters/doyle_caseofidentity.txt
2,10,15,/Users/lynn/Documents/My Talks and Courses/TopicNetworksPyladies/./data/mixed_chapters/brown_davinci_ch1.txt
2,11,12,/Users/lynn/Documents/My Talks and Courses/TopicNetworksPyladies/./data/mixed_chapters/brown_angels_ch1.txt
2,12,22,/Users/lynn/Documents/My Talks and Courses/TopicNetworksPyladies/./data/mixed_chapters/doyle_scandalbohemia.txt
2,13,21,/Users/lynn/Documents/My Talks and Courses/TopicNetworksPyladies/./data/mixed_chapters/doyle_redheadedleague.txt
2,14,43,/Users/lynn/Documents/My Talks and Courses/TopicNetworksPyladies/./data/mixed_chapters/stevenson_treasure_ch2.txt
2,15,41,/Users/lynn/Documents/My Talks and Courses/TopicNetworksPyladies/./data/mixed_chapters/meyer_twilight_ch21.txt
2,16,9,/Users/lynn/Documents/My Talks and Courses/TopicNetworksPyladies/./data/mixed_chapters/barrie_peterpan_ch1.txt
2,17,25,/Users/lynn/Documents/My Talks and Courses/TopicNetworksPyladies/./data/mixed_chapters/eliot_middlemarch_ch48.txt
2,18,14,/Users/lynn/Documents/My Talks and Courses/TopicNetworksPyladies/./data/mixed_chapters/brown_davinci_ch0.txt
2,19,13,/Users/lynn/Documents/My Talks and Courses/TopicNetworksPyladies/./data/mixed_chapters/brown_angels_ch2_4.txt
2,20,23,/Users/lynn/Documents/My Talks and Courses/TopicNetworksPyladies/./data/mixed_chapters/eliot_middlemarch_ch1.txt
2,21,24,/Users/lynn/Documents/My Talks and Courses/TopicNetworksPyladies/./data/mixed_chapters/eliot_middlemarch_ch2.txt
2,22,6,/Users/lynn/Documents/My Talks and Courses/TopicNetworksPyladies/./data/mixed_chapters/austen_sense_ch2.txt
2,23,36,/Users/lynn/Documents/My Talks and Courses/TopicNetworksPyladies/./data/mixed_chapters/lewis_lionwitch_ch14.txt
2,24,17,/Users/lynn/Documents/My Talks and Courses/TopicNetworksPyladies/./data/mixed_chapters/brown_davinci_ch92.txt
2,25,37,/Users/lynn/Documents/My Talks and Courses/TopicNetworksPyladies/./data/mixed_chapters/lewis_lionwitch_ch2.txt
2,26,35,/Users/lynn/Documents/My Talks and Courses/TopicNetworksPyladies/./data/mixed_chapters/lewis_lionwitch_ch12.txt
2,27,34,/Users/lynn/Documents/My Talks and Courses/TopicNetworksPyladies/./data/mixed_chapters/lewis_lionwitch_ch1.txt
2,28,16,/Users/lynn/Documents/My Talks and Courses/TopicNetworksPyladies/./data/mixed_chapters/brown_davinci_ch77.txt
2,29,4,/Users/lynn/Documents/My Talks and Courses/TopicNetworksPyladies/./data/mixed_chapters/austen_pride_ch50.txt
2,30,31,/Users/lynn/Documents/My Talks and Courses/TopicNetworksPyladies/./data/mixed_chapters/grimms_hanselgretel.txt
2,31,8,/Users/lynn/Documents/My Talks and Courses/TopicNetworksPyladies/./data/mixed_chapters/austen_sense_ch41.txt
2,32,42,/Users/lynn/Documents/My Talks and Courses/TopicNetworksPyladies/./data/mixed_chapters/stevenson_treasure_ch1.txt
2,33,26,/Users/lynn/Documents/My Talks and Courses/TopicNetworksPyladies/./data/mixed_chapters/eliot_middlemarch_ch73.txt
2,34,11,/Users/lynn/Documents/My Talks and Courses/TopicNetworksPyladies/./data/mixed_chapters/barrie_peterpan_ch2.txt
2,35,33,/Users/lynn/Documents/My Talks and Courses/TopicNetworksPyladies/./data/mixed_chapters/grimms_wateroflife.txt
2,36,18,/Users/lynn/Documents/My Talks and Courses/TopicNetworksPyladies/./data/mixed_chapters/conrad_secret_ch1.txt
2,37,10,/Users/lynn/Documents/My Talks and Courses/TopicNetworksPyladies/./data/mixed_chapters/barrie_peterpan_ch15.txt
2,38,3,/Users/lynn/Documents/My Talks and Courses/TopicNetworksPyladies/./data/mixed_chapters/austen_pride_ch40.txt
2,39,7,/Users/lynn/Documents/My Talks and Courses/TopicNetworksPyladies/./data/mixed_chapters/austen_sense_ch27.txt
2,40,2,/Users/lynn/Documents/My Talks and Courses/TopicNetworksPyladies/./data/mixed_chapters/austen_pride_ch2.txt
2,41,32,/Users/lynn/Documents/My Talks and Courses/TopicNetworksPyladies/./data/mixed_chapters/grimms_snowdrop.txt
2,42,5,/Users/lynn/Documents/My Talks and Courses/TopicNetworksPyladies/./data/mixed_chapters/austen_sense_ch1.txt
2,43,1,/Users/lynn/Documents/My Talks and Courses/TopicNetworksPyladies/./data/mixed_chapters/austen_pride_ch1.txt
3,1,23,/Users/lynn/Documents/My Talks and Courses/TopicNetworksPyladies/./data/mixed_chapters/eliot_middlemarch_ch1.txt
3,2,7,/Users/lynn/Documents/My Talks and Courses/TopicNetworksPyladies/./data/mixed_chapters/austen_sense_ch27.txt
3,3,8,/Users/lynn/Documents/My Talks and Courses/TopicNetworksPyladies/./data/mixed_chapters/austen_sense_ch41.txt
3,4,25,/Users/lynn/Documents/My Talks and Courses/TopicNetworksPyladies/./data/mixed_chapters/eliot_middlemarch_ch48.txt
3,5,24,/Users/lynn/Documents/My Talks and Courses/TopicNetworksPyladies/./data/mixed_chapters/eliot_middlemarch_ch2.txt
3,6,4,/Users/lynn/Documents/My Talks and Courses/TopicNetworksPyladies/./data/mixed_chapters/austen_pride_ch50.txt
3,7,5,/Users/lynn/Documents/My Talks and Courses/TopicNetworksPyladies/./data/mixed_chapters/austen_sense_ch1.txt
3,8,6,/Users/lynn/Documents/My Talks and Courses/TopicNetworksPyladies/./data/mixed_chapters/austen_sense_ch2.txt
3,9,3,/Users/lynn/Documents/My Talks and Courses/TopicNetworksPyladies/./data/mixed_chapters/austen_pride_ch40.txt
3,10,33,/Users/lynn/Documents/My Talks and Courses/TopicNetworksPyladies/./data/mixed_chapters/grimms_wateroflife.txt
3,11,2,/Users/lynn/Documents/My Talks and Courses/TopicNetworksPyladies/./data/mixed_chapters/austen_pride_ch2.txt
3,12,1,/Users/lynn/Documents/My Talks and Courses/TopicNetworksPyladies/./data/mixed_chapters/austen_pride_ch1.txt
3,13,22,/Users/lynn/Documents/My Talks and Courses/TopicNetworksPyladies/./data/mixed_chapters/doyle_scandalbohemia.txt
3,14,26,/Users/lynn/Documents/My Talks and Courses/TopicNetworksPyladies/./data/mixed_chapters/eliot_middlemarch_ch73.txt
3,15,20,/Users/lynn/Documents/My Talks and Courses/TopicNetworksPyladies/./data/mixed_chapters/doyle_caseofidentity.txt
3,16,11,/Users/lynn/Documents/My Talks and Courses/TopicNetworksPyladies/./data/mixed_chapters/barrie_peterpan_ch2.txt
3,17,21,/Users/lynn/Documents/My Talks and Courses/TopicNetworksPyladies/./data/mixed_chapters/doyle_redheadedleague.txt
3,18,30,/Users/lynn/Documents/My Talks and Courses/TopicNetworksPyladies/./data/mixed_chapters/eljames_fiftyshades_ch23.txt
3,19,29,/Users/lynn/Documents/My Talks and Courses/TopicNetworksPyladies/./data/mixed_chapters/eljames_fiftyshades_ch2.txt
3,20,18,/Users/lynn/Documents/My Talks and Courses/TopicNetworksPyladies/./data/mixed_chapters/conrad_secret_ch1.txt
3,21,38,/Users/lynn/Documents/My Talks and Courses/TopicNetworksPyladies/./data/mixed_chapters/meyer_twilight_ch1.txt
3,22,19,/Users/lynn/Documents/My Talks and Courses/TopicNetworksPyladies/./data/mixed_chapters/conrad_secret_ch2.txt
3,23,10,/Users/lynn/Documents/My Talks and Courses/TopicNetworksPyladies/./data/mixed_chapters/barrie_peterpan_ch15.txt
3,24,42,/Users/lynn/Documents/My Talks and Courses/TopicNetworksPyladies/./data/mixed_chapters/stevenson_treasure_ch1.txt
3,25,40,/Users/lynn/Documents/My Talks and Courses/TopicNetworksPyladies/./data/mixed_chapters/meyer_twilight_ch2.txt
3,26,39,/Users/lynn/Documents/My Talks and Courses/TopicNetworksPyladies/./data/mixed_chapters/meyer_twilight_ch15.txt
3,27,14,/Users/lynn/Documents/My Talks and Courses/TopicNetworksPyladies/./data/mixed_chapters/brown_davinci_ch0.txt
3,28,9,/Users/lynn/Documents/My Talks and Courses/TopicNetworksPyladies/./data/mixed_chapters/barrie_peterpan_ch1.txt
3,29,36,/Users/lynn/Documents/My Talks and Courses/TopicNetworksPyladies/./data/mixed_chapters/lewis_lionwitch_ch14.txt
3,30,27,/Users/lynn/Documents/My Talks and Courses/TopicNetworksPyladies/./data/mixed_chapters/eljames_fiftyshades_ch1.txt
3,31,32,/Users/lynn/Documents/My Talks and Courses/TopicNetworksPyladies/./data/mixed_chapters/grimms_snowdrop.txt
3,32,15,/Users/lynn/Documents/My Talks and Courses/TopicNetworksPyladies/./data/mixed_chapters/brown_davinci_ch1.txt
3,33,12,/Users/lynn/Documents/My Talks and Courses/TopicNetworksPyladies/./data/mixed_chapters/brown_angels_ch1.txt
3,34,43,/Users/lynn/Documents/My Talks and Courses/TopicNetworksPyladies/./data/mixed_chapters/stevenson_treasure_ch2.txt
3,35,28,/Users/lynn/Documents/My Talks and Courses/TopicNetworksPyladies/./data/mixed_chapters/eljames_fiftyshades_ch18.txt
3,36,35,/Users/lynn/Documents/My Talks and Courses/TopicNetworksPyladies/./data/mixed_chapters/lewis_lionwitch_ch12.txt
3,37,31,/Users/lynn/Documents/My Talks and Courses/TopicNetworksPyladies/./data/mixed_chapters/grimms_hanselgretel.txt
3,38,41,/Users/lynn/Documents/My Talks and Courses/TopicNetworksPyladies/./data/mixed_chapters/meyer_twilight_ch21.txt
3,39,13,/Users/lynn/Documents/My Talks and Courses/TopicNetworksPyladies/./data/mixed_chapters/brown_angels_ch2_4.txt
3,40,37,/Users/lynn/Documents/My Talks and Courses/TopicNetworksPyladies/./data/mixed_chapters/lewis_lionwitch_ch2.txt
3,41,17,/Users/lynn/Documents/My Talks and Courses/TopicNetworksPyladies/./data/mixed_chapters/brown_davinci_ch92.txt
3,42,16,/Users/lynn/Documents/My Talks and Courses/TopicNetworksPyladies/./data/mixed_chapters/brown_davinci_ch77.txt
3,43,34,/Users/lynn/Documents/My Talks and Courses/TopicNetworksPyladies/./data/mixed_chapters/lewis_lionwitch_ch1.txt
4,1,43,/Users/lynn/Documents/My Talks and Courses/TopicNetworksPyladies/./data/mixed_chapters/stevenson_treasure_ch2.txt
4,2,22,/Users/lynn/Documents/My Talks and Courses/TopicNetworksPyladies/./data/mixed_chapters/doyle_scandalbohemia.txt
4,3,19,/Users/lynn/Documents/My Talks and Courses/TopicNetworksPyladies/./data/mixed_chapters/conrad_secret_ch2.txt
4,4,21,/Users/lynn/Documents/My Talks and Courses/TopicNetworksPyladies/./data/mixed_chapters/doyle_redheadedleague.txt
4,5,33,/Users/lynn/Documents/My Talks and Courses/TopicNetworksPyladies/./data/mixed_chapters/grimms_wateroflife.txt
4,6,42,/Users/lynn/Documents/My Talks and Courses/TopicNetworksPyladies/./data/mixed_chapters/stevenson_treasure_ch1.txt
4,7,20,/Users/lynn/Documents/My Talks and Courses/TopicNetworksPyladies/./data/mixed_chapters/doyle_caseofidentity.txt
4,8,39,/Users/lynn/Documents/My Talks and Courses/TopicNetworksPyladies/./data/mixed_chapters/meyer_twilight_ch15.txt
4,9,10,/Users/lynn/Documents/My Talks and Courses/TopicNetworksPyladies/./data/mixed_chapters/barrie_peterpan_ch15.txt
4,10,38,/Users/lynn/Documents/My Talks and Courses/TopicNetworksPyladies/./data/mixed_chapters/meyer_twilight_ch1.txt
4,11,40,/Users/lynn/Documents/My Talks and Courses/TopicNetworksPyladies/./data/mixed_chapters/meyer_twilight_ch2.txt
4,12,32,/Users/lynn/Documents/My Talks and Courses/TopicNetworksPyladies/./data/mixed_chapters/grimms_snowdrop.txt
4,13,31,/Users/lynn/Documents/My Talks and Courses/TopicNetworksPyladies/./data/mixed_chapters/grimms_hanselgretel.txt
4,14,35,/Users/lynn/Documents/My Talks and Courses/TopicNetworksPyladies/./data/mixed_chapters/lewis_lionwitch_ch12.txt
4,15,11,/Users/lynn/Documents/My Talks and Courses/TopicNetworksPyladies/./data/mixed_chapters/barrie_peterpan_ch2.txt
4,16,30,/Users/lynn/Documents/My Talks and Courses/TopicNetworksPyladies/./data/mixed_chapters/eljames_fiftyshades_ch23.txt
4,17,29,/Users/lynn/Documents/My Talks and Courses/TopicNetworksPyladies/./data/mixed_chapters/eljames_fiftyshades_ch2.txt
4,18,28,/Users/lynn/Documents/My Talks and Courses/TopicNetworksPyladies/./data/mixed_chapters/eljames_fiftyshades_ch18.txt
4,19,25,/Users/lynn/Documents/My Talks and Courses/TopicNetworksPyladies/./data/mixed_chapters/eliot_middlemarch_ch48.txt
4,20,18,/Users/lynn/Documents/My Talks and Courses/TopicNetworksPyladies/./data/mixed_chapters/conrad_secret_ch1.txt
4,21,23,/Users/lynn/Documents/My Talks and Courses/TopicNetworksPyladies/./data/mixed_chapters/eliot_middlemarch_ch1.txt
4,22,41,/Users/lynn/Documents/My Talks and Courses/TopicNetworksPyladies/./data/mixed_chapters/meyer_twilight_ch21.txt
4,23,36,/Users/lynn/Documents/My Talks and Courses/TopicNetworksPyladies/./data/mixed_chapters/lewis_lionwitch_ch14.txt
4,24,34,/Users/lynn/Documents/My Talks and Courses/TopicNetworksPyladies/./data/mixed_chapters/lewis_lionwitch_ch1.txt
4,25,24,/Users/lynn/Documents/My Talks and Courses/TopicNetworksPyladies/./data/mixed_chapters/eliot_middlemarch_ch2.txt
4,26,26,/Users/lynn/Documents/My Talks and Courses/TopicNetworksPyladies/./data/mixed_chapters/eliot_middlemarch_ch73.txt
4,27,13,/Users/lynn/Documents/My Talks and Courses/TopicNetworksPyladies/./data/mixed_chapters/brown_angels_ch2_4.txt
4,28,14,/Users/lynn/Documents/My Talks and Courses/TopicNetworksPyladies/./data/mixed_chapters/brown_davinci_ch0.txt
4,29,37,/Users/lynn/Documents/My Talks and Courses/TopicNetworksPyladies/./data/mixed_chapters/lewis_lionwitch_ch2.txt
4,30,7,/Users/lynn/Documents/My Talks and Courses/TopicNetworksPyladies/./data/mixed_chapters/austen_sense_ch27.txt
4,31,27,/Users/lynn/Documents/My Talks and Courses/TopicNetworksPyladies/./data/mixed_chapters/eljames_fiftyshades_ch1.txt
4,32,9,/Users/lynn/Documents/My Talks and Courses/TopicNetworksPyladies/./data/mixed_chapters/barrie_peterpan_ch1.txt
4,33,15,/Users/lynn/Documents/My Talks and Courses/TopicNetworksPyladies/./data/mixed_chapters/brown_davinci_ch1.txt
4,34,8,/Users/lynn/Documents/My Talks and Courses/TopicNetworksPyladies/./data/mixed_chapters/austen_sense_ch41.txt
4,35,12,/Users/lynn/Documents/My Talks and Courses/TopicNetworksPyladies/./data/mixed_chapters/brown_angels_ch1.txt
4,36,2,/Users/lynn/Documents/My Talks and Courses/TopicNetworksPyladies/./data/mixed_chapters/austen_pride_ch2.txt
4,37,17,/Users/lynn/Documents/My Talks and Courses/TopicNetworksPyladies/./data/mixed_chapters/brown_davinci_ch92.txt
4,38,3,/Users/lynn/Documents/My Talks and Courses/TopicNetworksPyladies/./data/mixed_chapters/austen_pride_ch40.txt
4,39,6,/Users/lynn/Documents/My Talks and Courses/TopicNetworksPyladies/./data/mixed_chapters/austen_sense_ch2.txt
4,40,4,/Users/lynn/Documents/My Talks and Courses/TopicNetworksPyladies/./data/mixed_chapters/austen_pride_ch50.txt
4,41,1,/Users/lynn/Documents/My Talks and Courses/TopicNetworksPyladies/./data/mixed_chapters/austen_pride_ch1.txt
4,42,16,/Users/lynn/Documents/My Talks and Courses/TopicNetworksPyladies/./data/mixed_chapters/brown_davinci_ch77.txt
4,43,5,/Users/lynn/Documents/My Talks and Courses/TopicNetworksPyladies/./data/mixed_chapters/austen_sense_ch1.txt
5,1,38,/Users/lynn/Documents/My Talks and Courses/TopicNetworksPyladies/./data/mixed_chapters/meyer_twilight_ch1.txt
5,2,40,/Users/lynn/Documents/My Talks and Courses/TopicNetworksPyladies/./data/mixed_chapters/meyer_twilight_ch2.txt
5,3,39,/Users/lynn/Documents/My Talks and Courses/TopicNetworksPyladies/./data/mixed_chapters/meyer_twilight_ch15.txt
5,4,41,/Users/lynn/Documents/My Talks and Courses/TopicNetworksPyladies/./data/mixed_chapters/meyer_twilight_ch21.txt
5,5,19,/Users/lynn/Documents/My Talks and Courses/TopicNetworksPyladies/./data/mixed_chapters/conrad_secret_ch2.txt
5,6,29,/Users/lynn/Documents/My Talks and Courses/TopicNetworksPyladies/./data/mixed_chapters/eljames_fiftyshades_ch2.txt
5,7,22,/Users/lynn/Documents/My Talks and Courses/TopicNetworksPyladies/./data/mixed_chapters/doyle_scandalbohemia.txt
5,8,13,/Users/lynn/Documents/My Talks and Courses/TopicNetworksPyladies/./data/mixed_chapters/brown_angels_ch2_4.txt
5,9,21,/Users/lynn/Documents/My Talks and Courses/TopicNetworksPyladies/./data/mixed_chapters/doyle_redheadedleague.txt
5,10,30,/Users/lynn/Documents/My Talks and Courses/TopicNetworksPyladies/./data/mixed_chapters/eljames_fiftyshades_ch23.txt
5,11,27,/Users/lynn/Documents/My Talks and Courses/TopicNetworksPyladies/./data/mixed_chapters/eljames_fiftyshades_ch1.txt
5,12,25,/Users/lynn/Documents/My Talks and Courses/TopicNetworksPyladies/./data/mixed_chapters/eliot_middlemarch_ch48.txt
5,13,12,/Users/lynn/Documents/My Talks and Courses/TopicNetworksPyladies/./data/mixed_chapters/brown_angels_ch1.txt
5,14,9,/Users/lynn/Documents/My Talks and Courses/TopicNetworksPyladies/./data/mixed_chapters/barrie_peterpan_ch1.txt
5,15,7,/Users/lynn/Documents/My Talks and Courses/TopicNetworksPyladies/./data/mixed_chapters/austen_sense_ch27.txt
5,16,8,/Users/lynn/Documents/My Talks and Courses/TopicNetworksPyladies/./data/mixed_chapters/austen_sense_ch41.txt
5,17,15,/Users/lynn/Documents/My Talks and Courses/TopicNetworksPyladies/./data/mixed_chapters/brown_davinci_ch1.txt
5,18,35,/Users/lynn/Documents/My Talks and Courses/TopicNetworksPyladies/./data/mixed_chapters/lewis_lionwitch_ch12.txt
5,19,20,/Users/lynn/Documents/My Talks and Courses/TopicNetworksPyladies/./data/mixed_chapters/doyle_caseofidentity.txt
5,20,18,/Users/lynn/Documents/My Talks and Courses/TopicNetworksPyladies/./data/mixed_chapters/conrad_secret_ch1.txt
5,21,34,/Users/lynn/Documents/My Talks and Courses/TopicNetworksPyladies/./data/mixed_chapters/lewis_lionwitch_ch1.txt
5,22,37,/Users/lynn/Documents/My Talks and Courses/TopicNetworksPyladies/./data/mixed_chapters/lewis_lionwitch_ch2.txt
5,23,36,/Users/lynn/Documents/My Talks and Courses/TopicNetworksPyladies/./data/mixed_chapters/lewis_lionwitch_ch14.txt
5,24,17,/Users/lynn/Documents/My Talks and Courses/TopicNetworksPyladies/./data/mixed_chapters/brown_davinci_ch92.txt
5,25,24,/Users/lynn/Documents/My Talks and Courses/TopicNetworksPyladies/./data/mixed_chapters/eliot_middlemarch_ch2.txt
5,26,11,/Users/lynn/Documents/My Talks and Courses/TopicNetworksPyladies/./data/mixed_chapters/barrie_peterpan_ch2.txt
5,27,32,/Users/lynn/Documents/My Talks and Courses/TopicNetworksPyladies/./data/mixed_chapters/grimms_snowdrop.txt
5,28,14,/Users/lynn/Documents/My Talks and Courses/TopicNetworksPyladies/./data/mixed_chapters/brown_davinci_ch0.txt
5,29,42,/Users/lynn/Documents/My Talks and Courses/TopicNetworksPyladies/./data/mixed_chapters/stevenson_treasure_ch1.txt
5,30,23,/Users/lynn/Documents/My Talks and Courses/TopicNetworksPyladies/./data/mixed_chapters/eliot_middlemarch_ch1.txt
5,31,33,/Users/lynn/Documents/My Talks and Courses/TopicNetworksPyladies/./data/mixed_chapters/grimms_wateroflife.txt
5,32,43,/Users/lynn/Documents/My Talks and Courses/TopicNetworksPyladies/./data/mixed_chapters/stevenson_treasure_ch2.txt
5,33,28,/Users/lynn/Documents/My Talks and Courses/TopicNetworksPyladies/./data/mixed_chapters/eljames_fiftyshades_ch18.txt
5,34,26,/Users/lynn/Documents/My Talks and Courses/TopicNetworksPyladies/./data/mixed_chapters/eliot_middlemarch_ch73.txt
5,35,4,/Users/lynn/Documents/My Talks and Courses/TopicNetworksPyladies/./data/mixed_chapters/austen_pride_ch50.txt
5,36,16,/Users/lynn/Documents/My Talks and Courses/TopicNetworksPyladies/./data/mixed_chapters/brown_davinci_ch77.txt
5,37,31,/Users/lynn/Documents/My Talks and Courses/TopicNetworksPyladies/./data/mixed_chapters/grimms_hanselgretel.txt
5,38,10,/Users/lynn/Documents/My Talks and Courses/TopicNetworksPyladies/./data/mixed_chapters/barrie_peterpan_ch15.txt
5,39,5,/Users/lynn/Documents/My Talks and Courses/TopicNetworksPyladies/./data/mixed_chapters/austen_sense_ch1.txt
5,40,3,/Users/lynn/Documents/My Talks and Courses/TopicNetworksPyladies/./data/mixed_chapters/austen_pride_ch40.txt
5,41,2,/Users/lynn/Documents/My Talks and Courses/TopicNetworksPyladies/./data/mixed_chapters/austen_pride_ch2.txt
5,42,6,/Users/lynn/Documents/My Talks and Courses/TopicNetworksPyladies/./data/mixed_chapters/austen_sense_ch2.txt
5,43,1,/Users/lynn/Documents/My Talks and Courses/TopicNetworksPyladies/./data/mixed_chapters/austen_pride_ch1.txt
6,1,21,/Users/lynn/Documents/My Talks and Courses/TopicNetworksPyladies/./data/mixed_chapters/doyle_redheadedleague.txt
6,2,19,/Users/lynn/Documents/My Talks and Courses/TopicNetworksPyladies/./data/mixed_chapters/conrad_secret_ch2.txt
6,3,20,/Users/lynn/Documents/My Talks and Courses/TopicNetworksPyladies/./data/mixed_chapters/doyle_caseofidentity.txt
6,4,24,/Users/lynn/Documents/My Talks and Courses/TopicNetworksPyladies/./data/mixed_chapters/eliot_middlemarch_ch2.txt
6,5,22,/Users/lynn/Documents/My Talks and Courses/TopicNetworksPyladies/./data/mixed_chapters/doyle_scandalbohemia.txt
6,6,38,/Users/lynn/Documents/My Talks and Courses/TopicNetworksPyladies/./data/mixed_chapters/meyer_twilight_ch1.txt
6,7,18,/Users/lynn/Documents/My Talks and Courses/TopicNetworksPyladies/./data/mixed_chapters/conrad_secret_ch1.txt
6,8,27,/Users/lynn/Documents/My Talks and Courses/TopicNetworksPyladies/./data/mixed_chapters/eljames_fiftyshades_ch1.txt
6,9,40,/Users/lynn/Documents/My Talks and Courses/TopicNetworksPyladies/./data/mixed_chapters/meyer_twilight_ch2.txt
6,10,23,/Users/lynn/Documents/My Talks and Courses/TopicNetworksPyladies/./data/mixed_chapters/eliot_middlemarch_ch1.txt
6,11,7,/Users/lynn/Documents/My Talks and Courses/TopicNetworksPyladies/./data/mixed_chapters/austen_sense_ch27.txt
6,12,8,/Users/lynn/Documents/My Talks and Courses/TopicNetworksPyladies/./data/mixed_chapters/austen_sense_ch41.txt
6,13,29,/Users/lynn/Documents/My Talks and Courses/TopicNetworksPyladies/./data/mixed_chapters/eljames_fiftyshades_ch2.txt
6,14,42,/Users/lynn/Documents/My Talks and Courses/TopicNetworksPyladies/./data/mixed_chapters/stevenson_treasure_ch1.txt
6,15,25,/Users/lynn/Documents/My Talks and Courses/TopicNetworksPyladies/./data/mixed_chapters/eliot_middlemarch_ch48.txt
6,16,4,/Users/lynn/Documents/My Talks and Courses/TopicNetworksPyladies/./data/mixed_chapters/austen_pride_ch50.txt
6,17,10,/Users/lynn/Documents/My Talks and Courses/TopicNetworksPyladies/./data/mixed_chapters/barrie_peterpan_ch15.txt
6,18,3,/Users/lynn/Documents/My Talks and Courses/TopicNetworksPyladies/./data/mixed_chapters/austen_pride_ch40.txt
6,19,26,/Users/lynn/Documents/My Talks and Courses/TopicNetworksPyladies/./data/mixed_chapters/eliot_middlemarch_ch73.txt
6,20,30,/Users/lynn/Documents/My Talks and Courses/TopicNetworksPyladies/./data/mixed_chapters/eljames_fiftyshades_ch23.txt
6,21,9,/Users/lynn/Documents/My Talks and Courses/TopicNetworksPyladies/./data/mixed_chapters/barrie_peterpan_ch1.txt
6,22,28,/Users/lynn/Documents/My Talks and Courses/TopicNetworksPyladies/./data/mixed_chapters/eljames_fiftyshades_ch18.txt
6,23,39,/Users/lynn/Documents/My Talks and Courses/TopicNetworksPyladies/./data/mixed_chapters/meyer_twilight_ch15.txt
6,24,41,/Users/lynn/Documents/My Talks and Courses/TopicNetworksPyladies/./data/mixed_chapters/meyer_twilight_ch21.txt
6,25,43,/Users/lynn/Documents/My Talks and Courses/TopicNetworksPyladies/./data/mixed_chapters/stevenson_treasure_ch2.txt
6,26,6,/Users/lynn/Documents/My Talks and Courses/TopicNetworksPyladies/./data/mixed_chapters/austen_sense_ch2.txt
6,27,34,/Users/lynn/Documents/My Talks and Courses/TopicNetworksPyladies/./data/mixed_chapters/lewis_lionwitch_ch1.txt
6,28,1,/Users/lynn/Documents/My Talks and Courses/TopicNetworksPyladies/./data/mixed_chapters/austen_pride_ch1.txt
6,29,37,/Users/lynn/Documents/My Talks and Courses/TopicNetworksPyladies/./data/mixed_chapters/lewis_lionwitch_ch2.txt
6,30,5,/Users/lynn/Documents/My Talks and Courses/TopicNetworksPyladies/./data/mixed_chapters/austen_sense_ch1.txt
6,31,15,/Users/lynn/Documents/My Talks and Courses/TopicNetworksPyladies/./data/mixed_chapters/brown_davinci_ch1.txt
6,32,16,/Users/lynn/Documents/My Talks and Courses/TopicNetworksPyladies/./data/mixed_chapters/brown_davinci_ch77.txt
6,33,13,/Users/lynn/Documents/My Talks and Courses/TopicNetworksPyladies/./data/mixed_chapters/brown_angels_ch2_4.txt
6,34,17,/Users/lynn/Documents/My Talks and Courses/TopicNetworksPyladies/./data/mixed_chapters/brown_davinci_ch92.txt
6,35,31,/Users/lynn/Documents/My Talks and Courses/TopicNetworksPyladies/./data/mixed_chapters/grimms_hanselgretel.txt
6,36,36,/Users/lynn/Documents/My Talks and Courses/TopicNetworksPyladies/./data/mixed_chapters/lewis_lionwitch_ch14.txt
6,37,2,/Users/lynn/Documents/My Talks and Courses/TopicNetworksPyladies/./data/mixed_chapters/austen_pride_ch2.txt
6,38,35,/Users/lynn/Documents/My Talks and Courses/TopicNetworksPyladies/./data/mixed_chapters/lewis_lionwitch_ch12.txt
6,39,14,/Users/lynn/Documents/My Talks and Courses/TopicNetworksPyladies/./data/mixed_chapters/brown_davinci_ch0.txt
6,40,32,/Users/lynn/Documents/My Talks and Courses/TopicNetworksPyladies/./data/mixed_chapters/grimms_snowdrop.txt
6,41,12,/Users/lynn/Documents/My Talks and Courses/TopicNetworksPyladies/./data/mixed_chapters/brown_angels_ch1.txt
6,42,11,/Users/lynn/Documents/My Talks and Courses/TopicNetworksPyladies/./data/mixed_chapters/barrie_peterpan_ch2.txt
6,43,33,/Users/lynn/Documents/My Talks and Courses/TopicNetworksPyladies/./data/mixed_chapters/grimms_wateroflife.txt
7,1,10,/Users/lynn/Documents/My Talks and Courses/TopicNetworksPyladies/./data/mixed_chapters/barrie_peterpan_ch15.txt
7,2,17,/Users/lynn/Documents/My Talks and Courses/TopicNetworksPyladies/./data/mixed_chapters/brown_davinci_ch92.txt
7,3,15,/Users/lynn/Documents/My Talks and Courses/TopicNetworksPyladies/./data/mixed_chapters/brown_davinci_ch1.txt
7,4,16,/Users/lynn/Documents/My Talks and Courses/TopicNetworksPyladies/./data/mixed_chapters/brown_davinci_ch77.txt
7,5,13,/Users/lynn/Documents/My Talks and Courses/TopicNetworksPyladies/./data/mixed_chapters/brown_angels_ch2_4.txt
7,6,12,/Users/lynn/Documents/My Talks and Courses/TopicNetworksPyladies/./data/mixed_chapters/brown_angels_ch1.txt
7,7,14,/Users/lynn/Documents/My Talks and Courses/TopicNetworksPyladies/./data/mixed_chapters/brown_davinci_ch0.txt
7,8,19,/Users/lynn/Documents/My Talks and Courses/TopicNetworksPyladies/./data/mixed_chapters/conrad_secret_ch2.txt
7,9,9,/Users/lynn/Documents/My Talks and Courses/TopicNetworksPyladies/./data/mixed_chapters/barrie_peterpan_ch1.txt
7,10,29,/Users/lynn/Documents/My Talks and Courses/TopicNetworksPyladies/./data/mixed_chapters/eljames_fiftyshades_ch2.txt
7,11,18,/Users/lynn/Documents/My Talks and Courses/TopicNetworksPyladies/./data/mixed_chapters/conrad_secret_ch1.txt
7,12,24,/Users/lynn/Documents/My Talks and Courses/TopicNetworksPyladies/./data/mixed_chapters/eliot_middlemarch_ch2.txt
7,13,22,/Users/lynn/Documents/My Talks and Courses/TopicNetworksPyladies/./data/mixed_chapters/doyle_scandalbohemia.txt
7,14,39,/Users/lynn/Documents/My Talks and Courses/TopicNetworksPyladies/./data/mixed_chapters/meyer_twilight_ch15.txt
7,15,38,/Users/lynn/Documents/My Talks and Courses/TopicNetworksPyladies/./data/mixed_chapters/meyer_twilight_ch1.txt
7,16,20,/Users/lynn/Documents/My Talks and Courses/TopicNetworksPyladies/./data/mixed_chapters/doyle_caseofidentity.txt
7,17,40,/Users/lynn/Documents/My Talks and Courses/TopicNetworksPyladies/./data/mixed_chapters/meyer_twilight_ch2.txt
7,18,42,/Users/lynn/Documents/My Talks and Courses/TopicNetworksPyladies/./data/mixed_chapters/stevenson_treasure_ch1.txt
7,19,41,/Users/lynn/Documents/My Talks and Courses/TopicNetworksPyladies/./data/mixed_chapters/meyer_twilight_ch21.txt
7,20,21,/Users/lynn/Documents/My Talks and Courses/TopicNetworksPyladies/./data/mixed_chapters/doyle_redheadedleague.txt
7,21,30,/Users/lynn/Documents/My Talks and Courses/TopicNetworksPyladies/./data/mixed_chapters/eljames_fiftyshades_ch23.txt
7,22,28,/Users/lynn/Documents/My Talks and Courses/TopicNetworksPyladies/./data/mixed_chapters/eljames_fiftyshades_ch18.txt
7,23,25,/Users/lynn/Documents/My Talks and Courses/TopicNetworksPyladies/./data/mixed_chapters/eliot_middlemarch_ch48.txt
7,24,26,/Users/lynn/Documents/My Talks and Courses/TopicNetworksPyladies/./data/mixed_chapters/eliot_middlemarch_ch73.txt
7,25,4,/Users/lynn/Documents/My Talks and Courses/TopicNetworksPyladies/./data/mixed_chapters/austen_pride_ch50.txt
7,26,35,/Users/lynn/Documents/My Talks and Courses/TopicNetworksPyladies/./data/mixed_chapters/lewis_lionwitch_ch12.txt
7,27,11,/Users/lynn/Documents/My Talks and Courses/TopicNetworksPyladies/./data/mixed_chapters/barrie_peterpan_ch2.txt
7,28,43,/Users/lynn/Documents/My Talks and Courses/TopicNetworksPyladies/./data/mixed_chapters/stevenson_treasure_ch2.txt
7,29,27,/Users/lynn/Documents/My Talks and Courses/TopicNetworksPyladies/./data/mixed_chapters/eljames_fiftyshades_ch1.txt
7,30,36,/Users/lynn/Documents/My Talks and Courses/TopicNetworksPyladies/./data/mixed_chapters/lewis_lionwitch_ch14.txt
7,31,31,/Users/lynn/Documents/My Talks and Courses/TopicNetworksPyladies/./data/mixed_chapters/grimms_hanselgretel.txt
7,32,5,/Users/lynn/Documents/My Talks and Courses/TopicNetworksPyladies/./data/mixed_chapters/austen_sense_ch1.txt
7,33,23,/Users/lynn/Documents/My Talks and Courses/TopicNetworksPyladies/./data/mixed_chapters/eliot_middlemarch_ch1.txt
7,34,8,/Users/lynn/Documents/My Talks and Courses/TopicNetworksPyladies/./data/mixed_chapters/austen_sense_ch41.txt
7,35,7,/Users/lynn/Documents/My Talks and Courses/TopicNetworksPyladies/./data/mixed_chapters/austen_sense_ch27.txt
7,36,34,/Users/lynn/Documents/My Talks and Courses/TopicNetworksPyladies/./data/mixed_chapters/lewis_lionwitch_ch1.txt
7,37,32,/Users/lynn/Documents/My Talks and Courses/TopicNetworksPyladies/./data/mixed_chapters/grimms_snowdrop.txt
7,38,6,/Users/lynn/Documents/My Talks and Courses/TopicNetworksPyladies/./data/mixed_chapters/austen_sense_ch2.txt
7,39,3,/Users/lynn/Documents/My Talks and Courses/TopicNetworksPyladies/./data/mixed_chapters/austen_pride_ch40.txt
7,40,37,/Users/lynn/Documents/My Talks and Courses/TopicNetworksPyladies/./data/mixed_chapters/lewis_lionwitch_ch2.txt
7,41,33,/Users/lynn/Documents/My Talks and Courses/TopicNetworksPyladies/./data/mixed_chapters/grimms_wateroflife.txt
7,42,1,/Users/lynn/Documents/My Talks and Courses/TopicNetworksPyladies/./data/mixed_chapters/austen_pride_ch1.txt
7,43,2,/Users/lynn/Documents/My Talks and Courses/TopicNetworksPyladies/./data/mixed_chapters/austen_pride_ch2.txt
8,1,30,/Users/lynn/Documents/My Talks and Courses/TopicNetworksPyladies/./data/mixed_chapters/eljames_fiftyshades_ch23.txt
8,2,28,/Users/lynn/Documents/My Talks and Courses/TopicNetworksPyladies/./data/mixed_chapters/eljames_fiftyshades_ch18.txt
8,3,38,/Users/lynn/Documents/My Talks and Courses/TopicNetworksPyladies/./data/mixed_chapters/meyer_twilight_ch1.txt
8,4,39,/Users/lynn/Documents/My Talks and Courses/TopicNetworksPyladies/./data/mixed_chapters/meyer_twilight_ch15.txt
8,5,27,/Users/lynn/Documents/My Talks and Courses/TopicNetworksPyladies/./data/mixed_chapters/eljames_fiftyshades_ch1.txt
8,6,40,/Users/lynn/Documents/My Talks and Courses/TopicNetworksPyladies/./data/mixed_chapters/meyer_twilight_ch2.txt
8,7,29,/Users/lynn/Documents/My Talks and Courses/TopicNetworksPyladies/./data/mixed_chapters/eljames_fiftyshades_ch2.txt
8,8,19,/Users/lynn/Documents/My Talks and Courses/TopicNetworksPyladies/./data/mixed_chapters/conrad_secret_ch2.txt
8,9,21,/Users/lynn/Documents/My Talks and Courses/TopicNetworksPyladies/./data/mixed_chapters/doyle_redheadedleague.txt
8,10,22,/Users/lynn/Documents/My Talks and Courses/TopicNetworksPyladies/./data/mixed_chapters/doyle_scandalbohemia.txt
8,11,20,/Users/lynn/Documents/My Talks and Courses/TopicNetworksPyladies/./data/mixed_chapters/doyle_caseofidentity.txt
8,12,41,/Users/lynn/Documents/My Talks and Courses/TopicNetworksPyladies/./data/mixed_chapters/meyer_twilight_ch21.txt
8,13,11,/Users/lynn/Documents/My Talks and Courses/TopicNetworksPyladies/./data/mixed_chapters/barrie_peterpan_ch2.txt
8,14,10,/Users/lynn/Documents/My Talks and Courses/TopicNetworksPyladies/./data/mixed_chapters/barrie_peterpan_ch15.txt
8,15,35,/Users/lynn/Documents/My Talks and Courses/TopicNetworksPyladies/./data/mixed_chapters/lewis_lionwitch_ch12.txt
8,16,25,/Users/lynn/Documents/My Talks and Courses/TopicNetworksPyladies/./data/mixed_chapters/eliot_middlemarch_ch48.txt
8,17,37,/Users/lynn/Documents/My Talks and Courses/TopicNetworksPyladies/./data/mixed_chapters/lewis_lionwitch_ch2.txt
8,18,18,/Users/lynn/Documents/My Talks and Courses/TopicNetworksPyladies/./data/mixed_chapters/conrad_secret_ch1.txt
8,19,36,/Users/lynn/Documents/My Talks and Courses/TopicNetworksPyladies/./data/mixed_chapters/lewis_lionwitch_ch14.txt
8,20,23,/Users/lynn/Documents/My Talks and Courses/TopicNetworksPyladies/./data/mixed_chapters/eliot_middlemarch_ch1.txt
8,21,9,/Users/lynn/Documents/My Talks and Courses/TopicNetworksPyladies/./data/mixed_chapters/barrie_peterpan_ch1.txt
8,22,14,/Users/lynn/Documents/My Talks and Courses/TopicNetworksPyladies/./data/mixed_chapters/brown_davinci_ch0.txt
8,23,43,/Users/lynn/Documents/My Talks and Courses/TopicNetworksPyladies/./data/mixed_chapters/stevenson_treasure_ch2.txt
8,24,34,/Users/lynn/Documents/My Talks and Courses/TopicNetworksPyladies/./data/mixed_chapters/lewis_lionwitch_ch1.txt
8,25,42,/Users/lynn/Documents/My Talks and Courses/TopicNetworksPyladies/./data/mixed_chapters/stevenson_treasure_ch1.txt
8,26,13,/Users/lynn/Documents/My Talks and Courses/TopicNetworksPyladies/./data/mixed_chapters/brown_angels_ch2_4.txt
8,27,15,/Users/lynn/Documents/My Talks and Courses/TopicNetworksPyladies/./data/mixed_chapters/brown_davinci_ch1.txt
8,28,31,/Users/lynn/Documents/My Talks and Courses/TopicNetworksPyladies/./data/mixed_chapters/grimms_hanselgretel.txt
8,29,12,/Users/lynn/Documents/My Talks and Courses/TopicNetworksPyladies/./data/mixed_chapters/brown_angels_ch1.txt
8,30,32,/Users/lynn/Documents/My Talks and Courses/TopicNetworksPyladies/./data/mixed_chapters/grimms_snowdrop.txt
8,31,24,/Users/lynn/Documents/My Talks and Courses/TopicNetworksPyladies/./data/mixed_chapters/eliot_middlemarch_ch2.txt
8,32,17,/Users/lynn/Documents/My Talks and Courses/TopicNetworksPyladies/./data/mixed_chapters/brown_davinci_ch92.txt
8,33,33,/Users/lynn/Documents/My Talks and Courses/TopicNetworksPyladies/./data/mixed_chapters/grimms_wateroflife.txt
8,34,7,/Users/lynn/Documents/My Talks and Courses/TopicNetworksPyladies/./data/mixed_chapters/austen_sense_ch27.txt
8,35,26,/Users/lynn/Documents/My Talks and Courses/TopicNetworksPyladies/./data/mixed_chapters/eliot_middlemarch_ch73.txt
8,36,16,/Users/lynn/Documents/My Talks and Courses/TopicNetworksPyladies/./data/mixed_chapters/brown_davinci_ch77.txt
8,37,8,/Users/lynn/Documents/My Talks and Courses/TopicNetworksPyladies/./data/mixed_chapters/austen_sense_ch41.txt
8,38,2,/Users/lynn/Documents/My Talks and Courses/TopicNetworksPyladies/./data/mixed_chapters/austen_pride_ch2.txt
8,39,4,/Users/lynn/Documents/My Talks and Courses/TopicNetworksPyladies/./data/mixed_chapters/austen_pride_ch50.txt
8,40,6,/Users/lynn/Documents/My Talks and Courses/TopicNetworksPyladies/./data/mixed_chapters/austen_sense_ch2.txt
8,41,5,/Users/lynn/Documents/My Talks and Courses/TopicNetworksPyladies/./data/mixed_chapters/austen_sense_ch1.txt
8,42,1,/Users/lynn/Documents/My Talks and Courses/TopicNetworksPyladies/./data/mixed_chapters/austen_pride_ch1.txt
8,43,3,/Users/lynn/Documents/My Talks and Courses/TopicNetworksPyladies/./data/mixed_chapters/austen_pride_ch40.txt
9,1,37,/Users/lynn/Documents/My Talks and Courses/TopicNetworksPyladies/./data/mixed_chapters/lewis_lionwitch_ch2.txt
9,2,35,/Users/lynn/Documents/My Talks and Courses/TopicNetworksPyladies/./data/mixed_chapters/lewis_lionwitch_ch12.txt
9,3,36,/Users/lynn/Documents/My Talks and Courses/TopicNetworksPyladies/./data/mixed_chapters/lewis_lionwitch_ch14.txt
9,4,19,/Users/lynn/Documents/My Talks and Courses/TopicNetworksPyladies/./data/mixed_chapters/conrad_secret_ch2.txt
9,5,34,/Users/lynn/Documents/My Talks and Courses/TopicNetworksPyladies/./data/mixed_chapters/lewis_lionwitch_ch1.txt
9,6,39,/Users/lynn/Documents/My Talks and Courses/TopicNetworksPyladies/./data/mixed_chapters/meyer_twilight_ch15.txt
9,7,30,/Users/lynn/Documents/My Talks and Courses/TopicNetworksPyladies/./data/mixed_chapters/eljames_fiftyshades_ch23.txt
9,8,21,/Users/lynn/Documents/My Talks and Courses/TopicNetworksPyladies/./data/mixed_chapters/doyle_redheadedleague.txt
9,9,38,/Users/lynn/Documents/My Talks and Courses/TopicNetworksPyladies/./data/mixed_chapters/meyer_twilight_ch1.txt
9,10,10,/Users/lynn/Documents/My Talks and Courses/TopicNetworksPyladies/./data/mixed_chapters/barrie_peterpan_ch15.txt
9,11,31,/Users/lynn/Documents/My Talks and Courses/TopicNetworksPyladies/./data/mixed_chapters/grimms_hanselgretel.txt
9,12,25,/Users/lynn/Documents/My Talks and Courses/TopicNetworksPyladies/./data/mixed_chapters/eliot_middlemarch_ch48.txt
9,13,40,/Users/lynn/Documents/My Talks and Courses/TopicNetworksPyladies/./data/mixed_chapters/meyer_twilight_ch2.txt
9,14,29,/Users/lynn/Documents/My Talks and Courses/TopicNetworksPyladies/./data/mixed_chapters/eljames_fiftyshades_ch2.txt
9,15,9,/Users/lynn/Documents/My Talks and Courses/TopicNetworksPyladies/./data/mixed_chapters/barrie_peterpan_ch1.txt
9,16,28,/Users/lynn/Documents/My Talks and Courses/TopicNetworksPyladies/./data/mixed_chapters/eljames_fiftyshades_ch18.txt
9,17,24,/Users/lynn/Documents/My Talks and Courses/TopicNetworksPyladies/./data/mixed_chapters/eliot_middlemarch_ch2.txt
9,18,15,/Users/lynn/Documents/My Talks and Courses/TopicNetworksPyladies/./data/mixed_chapters/brown_davinci_ch1.txt
9,19,22,/Users/lynn/Documents/My Talks and Courses/TopicNetworksPyladies/./data/mixed_chapters/doyle_scandalbohemia.txt
9,20,20,/Users/lynn/Documents/My Talks and Courses/TopicNetworksPyladies/./data/mixed_chapters/doyle_caseofidentity.txt
9,21,11,/Users/lynn/Documents/My Talks and Courses/TopicNetworksPyladies/./data/mixed_chapters/barrie_peterpan_ch2.txt
9,22,43,/Users/lynn/Documents/My Talks and Courses/TopicNetworksPyladies/./data/mixed_chapters/stevenson_treasure_ch2.txt
9,23,13,/Users/lynn/Documents/My Talks and Courses/TopicNetworksPyladies/./data/mixed_chapters/brown_angels_ch2_4.txt
9,24,27,/Users/lynn/Documents/My Talks and Courses/TopicNetworksPyladies/./data/mixed_chapters/eljames_fiftyshades_ch1.txt
9,25,41,/Users/lynn/Documents/My Talks and Courses/TopicNetworksPyladies/./data/mixed_chapters/meyer_twilight_ch21.txt
9,26,12,/Users/lynn/Documents/My Talks and Courses/TopicNetworksPyladies/./data/mixed_chapters/brown_angels_ch1.txt
9,27,32,/Users/lynn/Documents/My Talks and Courses/TopicNetworksPyladies/./data/mixed_chapters/grimms_snowdrop.txt
9,28,42,/Users/lynn/Documents/My Talks and Courses/TopicNetworksPyladies/./data/mixed_chapters/stevenson_treasure_ch1.txt
9,29,18,/Users/lynn/Documents/My Talks and Courses/TopicNetworksPyladies/./data/mixed_chapters/conrad_secret_ch1.txt
9,30,33,/Users/lynn/Documents/My Talks and Courses/TopicNetworksPyladies/./data/mixed_chapters/grimms_wateroflife.txt
9,31,23,/Users/lynn/Documents/My Talks and Courses/TopicNetworksPyladies/./data/mixed_chapters/eliot_middlemarch_ch1.txt
9,32,4,/Users/lynn/Documents/My Talks and Courses/TopicNetworksPyladies/./data/mixed_chapters/austen_pride_ch50.txt
9,33,17,/Users/lynn/Documents/My Talks and Courses/TopicNetworksPyladies/./data/mixed_chapters/brown_davinci_ch92.txt
9,34,16,/Users/lynn/Documents/My Talks and Courses/TopicNetworksPyladies/./data/mixed_chapters/brown_davinci_ch77.txt
9,35,14,/Users/lynn/Documents/My Talks and Courses/TopicNetworksPyladies/./data/mixed_chapters/brown_davinci_ch0.txt
9,36,26,/Users/lynn/Documents/My Talks and Courses/TopicNetworksPyladies/./data/mixed_chapters/eliot_middlemarch_ch73.txt
9,37,7,/Users/lynn/Documents/My Talks and Courses/TopicNetworksPyladies/./data/mixed_chapters/austen_sense_ch27.txt
9,38,5,/Users/lynn/Documents/My Talks and Courses/TopicNetworksPyladies/./data/mixed_chapters/austen_sense_ch1.txt
9,39,6,/Users/lynn/Documents/My Talks and Courses/TopicNetworksPyladies/./data/mixed_chapters/austen_sense_ch2.txt
9,40,3,/Users/lynn/Documents/My Talks and Courses/TopicNetworksPyladies/./data/mixed_chapters/austen_pride_ch40.txt
9,41,8,/Users/lynn/Documents/My Talks and Courses/TopicNetworksPyladies/./data/mixed_chapters/austen_sense_ch41.txt
9,42,2,/Users/lynn/Documents/My Talks and Courses/TopicNetworksPyladies/./data/mixed_chapters/austen_pride_ch2.txt
9,43,1,/Users/lynn/Documents/My Talks and Courses/TopicNetworksPyladies/./data/mixed_chapters/austen_pride_ch1.txt
10,1,22,/Users/lynn/Documents/My Talks and Courses/TopicNetworksPyladies/./data/mixed_chapters/doyle_scandalbohemia.txt
10,2,20,/Users/lynn/Documents/My Talks and Courses/TopicNetworksPyladies/./data/mixed_chapters/doyle_caseofidentity.txt
10,3,21,/Users/lynn/Documents/My Talks and Courses/TopicNetworksPyladies/./data/mixed_chapters/doyle_redheadedleague.txt
10,4,19,/Users/lynn/Documents/My Talks and Courses/TopicNetworksPyladies/./data/mixed_chapters/conrad_secret_ch2.txt
10,5,23,/Users/lynn/Documents/My Talks and Courses/TopicNetworksPyladies/./data/mixed_chapters/eliot_middlemarch_ch1.txt
10,6,18,/Users/lynn/Documents/My Talks and Courses/TopicNetworksPyladies/./data/mixed_chapters/conrad_secret_ch1.txt
10,7,38,/Users/lynn/Documents/My Talks and Courses/TopicNetworksPyladies/./data/mixed_chapters/meyer_twilight_ch1.txt
10,8,9,/Users/lynn/Documents/My Talks and Courses/TopicNetworksPyladies/./data/mixed_chapters/barrie_peterpan_ch1.txt
10,9,17,/Users/lynn/Documents/My Talks and Courses/TopicNetworksPyladies/./data/mixed_chapters/brown_davinci_ch92.txt
10,10,8,/Users/lynn/Documents/My Talks and Courses/TopicNetworksPyladies/./data/mixed_chapters/austen_sense_ch41.txt
10,11,40,/Users/lynn/Documents/My Talks and Courses/TopicNetworksPyladies/./data/mixed_chapters/meyer_twilight_ch2.txt
10,12,15,/Users/lynn/Documents/My Talks and Courses/TopicNetworksPyladies/./data/mixed_chapters/brown_davinci_ch1.txt
10,13,26,/Users/lynn/Documents/My Talks and Courses/TopicNetworksPyladies/./data/mixed_chapters/eliot_middlemarch_ch73.txt
10,14,7,/Users/lynn/Documents/My Talks and Courses/TopicNetworksPyladies/./data/mixed_chapters/austen_sense_ch27.txt
10,15,12,/Users/lynn/Documents/My Talks and Courses/TopicNetworksPyladies/./data/mixed_chapters/brown_angels_ch1.txt
10,16,25,/Users/lynn/Documents/My Talks and Courses/TopicNetworksPyladies/./data/mixed_chapters/eliot_middlemarch_ch48.txt
10,17,5,/Users/lynn/Documents/My Talks and Courses/TopicNetworksPyladies/./data/mixed_chapters/austen_sense_ch1.txt
10,18,4,/Users/lynn/Documents/My Talks and Courses/TopicNetworksPyladies/./data/mixed_chapters/austen_pride_ch50.txt
10,19,27,/Users/lynn/Documents/My Talks and Courses/TopicNetworksPyladies/./data/mixed_chapters/eljames_fiftyshades_ch1.txt
10,20,30,/Users/lynn/Documents/My Talks and Courses/TopicNetworksPyladies/./data/mixed_chapters/eljames_fiftyshades_ch23.txt
10,21,24,/Users/lynn/Documents/My Talks and Courses/TopicNetworksPyladies/./data/mixed_chapters/eliot_middlemarch_ch2.txt
10,22,39,/Users/lynn/Documents/My Talks and Courses/TopicNetworksPyladies/./data/mixed_chapters/meyer_twilight_ch15.txt
10,23,29,/Users/lynn/Documents/My Talks and Courses/TopicNetworksPyladies/./data/mixed_chapters/eljames_fiftyshades_ch2.txt
10,24,1,/Users/lynn/Documents/My Talks and Courses/TopicNetworksPyladies/./data/mixed_chapters/austen_pride_ch1.txt
10,25,16,/Users/lynn/Documents/My Talks and Courses/TopicNetworksPyladies/./data/mixed_chapters/brown_davinci_ch77.txt
10,26,3,/Users/lynn/Documents/My Talks and Courses/TopicNetworksPyladies/./data/mixed_chapters/austen_pride_ch40.txt
10,27,35,/Users/lynn/Documents/My Talks and Courses/TopicNetworksPyladies/./data/mixed_chapters/lewis_lionwitch_ch12.txt
10,28,28,/Users/lynn/Documents/My Talks and Courses/TopicNetworksPyladies/./data/mixed_chapters/eljames_fiftyshades_ch18.txt
10,29,43,/Users/lynn/Documents/My Talks and Courses/TopicNetworksPyladies/./data/mixed_chapters/stevenson_treasure_ch2.txt
10,30,11,/Users/lynn/Documents/My Talks and Courses/TopicNetworksPyladies/./data/mixed_chapters/barrie_peterpan_ch2.txt
10,31,37,/Users/lynn/Documents/My Talks and Courses/TopicNetworksPyladies/./data/mixed_chapters/lewis_lionwitch_ch2.txt
10,32,13,/Users/lynn/Documents/My Talks and Courses/TopicNetworksPyladies/./data/mixed_chapters/brown_angels_ch2_4.txt
10,33,2,/Users/lynn/Documents/My Talks and Courses/TopicNetworksPyladies/./data/mixed_chapters/austen_pride_ch2.txt
10,34,10,/Users/lynn/Documents/My Talks and Courses/TopicNetworksPyladies/./data/mixed_chapters/barrie_peterpan_ch15.txt
10,35,42,/Users/lynn/Documents/My Talks and Courses/TopicNetworksPyladies/./data/mixed_chapters/stevenson_treasure_ch1.txt
10,36,33,/Users/lynn/Documents/My Talks and Courses/TopicNetworksPyladies/./data/mixed_chapters/grimms_wateroflife.txt
10,37,34,/Users/lynn/Documents/My Talks and Courses/TopicNetworksPyladies/./data/mixed_chapters/lewis_lionwitch_ch1.txt
10,38,6,/Users/lynn/Documents/My Talks and Courses/TopicNetworksPyladies/./data/mixed_chapters/austen_sense_ch2.txt
10,39,31,/Users/lynn/Documents/My Talks and Courses/TopicNetworksPyladies/./data/mixed_chapters/grimms_hanselgretel.txt
10,40,41,/Users/lynn/Documents/My Talks and Courses/TopicNetworksPyladies/./data/mixed_chapters/meyer_twilight_ch21.txt
10,41,32,/Users/lynn/Documents/My Talks and Courses/TopicNetworksPyladies/./data/mixed_chapters/grimms_snowdrop.txt
10,42,36,/Users/lynn/Documents/My Talks and Courses/TopicNetworksPyladies/./data/mixed_chapters/lewis_lionwitch_ch14.txt
10,43,14,/Users/lynn/Documents/My Talks and Courses/TopicNetworksPyladies/./data/mixed_chapters/brown_davinci_ch0.txt
11,1,31,/Users/lynn/Documents/My Talks and Courses/TopicNetworksPyladies/./data/mixed_chapters/grimms_hanselgretel.txt
11,2,11,/Users/lynn/Documents/My Talks and Courses/TopicNetworksPyladies/./data/mixed_chapters/barrie_peterpan_ch2.txt
11,3,9,/Users/lynn/Documents/My Talks and Courses/TopicNetworksPyladies/./data/mixed_chapters/barrie_peterpan_ch1.txt
11,4,32,/Users/lynn/Documents/My Talks and Courses/TopicNetworksPyladies/./data/mixed_chapters/grimms_snowdrop.txt
11,5,33,/Users/lynn/Documents/My Talks and Courses/TopicNetworksPyladies/./data/mixed_chapters/grimms_wateroflife.txt
11,6,22,/Users/lynn/Documents/My Talks and Courses/TopicNetworksPyladies/./data/mixed_chapters/doyle_scandalbohemia.txt
11,7,10,/Users/lynn/Documents/My Talks and Courses/TopicNetworksPyladies/./data/mixed_chapters/barrie_peterpan_ch15.txt
11,8,25,/Users/lynn/Documents/My Talks and Courses/TopicNetworksPyladies/./data/mixed_chapters/eliot_middlemarch_ch48.txt
11,9,42,/Users/lynn/Documents/My Talks and Courses/TopicNetworksPyladies/./data/mixed_chapters/stevenson_treasure_ch1.txt
11,10,37,/Users/lynn/Documents/My Talks and Courses/TopicNetworksPyladies/./data/mixed_chapters/lewis_lionwitch_ch2.txt
11,11,38,/Users/lynn/Documents/My Talks and Courses/TopicNetworksPyladies/./data/mixed_chapters/meyer_twilight_ch1.txt
11,12,21,/Users/lynn/Documents/My Talks and Courses/TopicNetworksPyladies/./data/mixed_chapters/doyle_redheadedleague.txt
11,13,39,/Users/lynn/Documents/My Talks and Courses/TopicNetworksPyladies/./data/mixed_chapters/meyer_twilight_ch15.txt
11,14,36,/Users/lynn/Documents/My Talks and Courses/TopicNetworksPyladies/./data/mixed_chapters/lewis_lionwitch_ch14.txt
11,15,20,/Users/lynn/Documents/My Talks and Courses/TopicNetworksPyladies/./data/mixed_chapters/doyle_caseofidentity.txt
11,16,5,/Users/lynn/Documents/My Talks and Courses/TopicNetworksPyladies/./data/mixed_chapters/austen_sense_ch1.txt
11,17,35,/Users/lynn/Documents/My Talks and Courses/TopicNetworksPyladies/./data/mixed_chapters/lewis_lionwitch_ch12.txt
11,18,34,/Users/lynn/Documents/My Talks and Courses/TopicNetworksPyladies/./data/mixed_chapters/lewis_lionwitch_ch1.txt
11,19,18,/Users/lynn/Documents/My Talks and Courses/TopicNetworksPyladies/./data/mixed_chapters/conrad_secret_ch1.txt
11,20,19,/Users/lynn/Documents/My Talks and Courses/TopicNetworksPyladies/./data/mixed_chapters/conrad_secret_ch2.txt
11,21,28,/Users/lynn/Documents/My Talks and Courses/TopicNetworksPyladies/./data/mixed_chapters/eljames_fiftyshades_ch18.txt
11,22,40,/Users/lynn/Documents/My Talks and Courses/TopicNetworksPyladies/./data/mixed_chapters/meyer_twilight_ch2.txt
11,23,41,/Users/lynn/Documents/My Talks and Courses/TopicNetworksPyladies/./data/mixed_chapters/meyer_twilight_ch21.txt
11,24,23,/Users/lynn/Documents/My Talks and Courses/TopicNetworksPyladies/./data/mixed_chapters/eliot_middlemarch_ch1.txt
11,25,30,/Users/lynn/Documents/My Talks and Courses/TopicNetworksPyladies/./data/mixed_chapters/eljames_fiftyshades_ch23.txt
11,26,12,/Users/lynn/Documents/My Talks and Courses/TopicNetworksPyladies/./data/mixed_chapters/brown_angels_ch1.txt
11,27,7,/Users/lynn/Documents/My Talks and Courses/TopicNetworksPyladies/./data/mixed_chapters/austen_sense_ch27.txt
11,28,43,/Users/lynn/Documents/My Talks and Courses/TopicNetworksPyladies/./data/mixed_chapters/stevenson_treasure_ch2.txt
11,29,29,/Users/lynn/Documents/My Talks and Courses/TopicNetworksPyladies/./data/mixed_chapters/eljames_fiftyshades_ch2.txt
11,30,27,/Users/lynn/Documents/My Talks and Courses/TopicNetworksPyladies/./data/mixed_chapters/eljames_fiftyshades_ch1.txt
11,31,2,/Users/lynn/Documents/My Talks and Courses/TopicNetworksPyladies/./data/mixed_chapters/austen_pride_ch2.txt
11,32,6,/Users/lynn/Documents/My Talks and Courses/TopicNetworksPyladies/./data/mixed_chapters/austen_sense_ch2.txt
11,33,4,/Users/lynn/Documents/My Talks and Courses/TopicNetworksPyladies/./data/mixed_chapters/austen_pride_ch50.txt
11,34,3,/Users/lynn/Documents/My Talks and Courses/TopicNetworksPyladies/./data/mixed_chapters/austen_pride_ch40.txt
11,35,26,/Users/lynn/Documents/My Talks and Courses/TopicNetworksPyladies/./data/mixed_chapters/eliot_middlemarch_ch73.txt
11,36,24,/Users/lynn/Documents/My Talks and Courses/TopicNetworksPyladies/./data/mixed_chapters/eliot_middlemarch_ch2.txt
11,37,15,/Users/lynn/Documents/My Talks and Courses/TopicNetworksPyladies/./data/mixed_chapters/brown_davinci_ch1.txt
11,38,8,/Users/lynn/Documents/My Talks and Courses/TopicNetworksPyladies/./data/mixed_chapters/austen_sense_ch41.txt
11,39,1,/Users/lynn/Documents/My Talks and Courses/TopicNetworksPyladies/./data/mixed_chapters/austen_pride_ch1.txt
11,40,14,/Users/lynn/Documents/My Talks and Courses/TopicNetworksPyladies/./data/mixed_chapters/brown_davinci_ch0.txt
11,41,17,/Users/lynn/Documents/My Talks and Courses/TopicNetworksPyladies/./data/mixed_chapters/brown_davinci_ch92.txt
11,42,13,/Users/lynn/Documents/My Talks and Courses/TopicNetworksPyladies/./data/mixed_chapters/brown_angels_ch2_4.txt
11,43,16,/Users/lynn/Documents/My Talks and Courses/TopicNetworksPyladies/./data/mixed_chapters/brown_davinci_ch77.txt
12,1,22,/Users/lynn/Documents/My Talks and Courses/TopicNetworksPyladies/./data/mixed_chapters/doyle_scandalbohemia.txt
12,2,19,/Users/lynn/Documents/My Talks and Courses/TopicNetworksPyladies/./data/mixed_chapters/conrad_secret_ch2.txt
12,3,23,/Users/lynn/Documents/My Talks and Courses/TopicNetworksPyladies/./data/mixed_chapters/eliot_middlemarch_ch1.txt
12,4,27,/Users/lynn/Documents/My Talks and Courses/TopicNetworksPyladies/./data/mixed_chapters/eljames_fiftyshades_ch1.txt
12,5,38,/Users/lynn/Documents/My Talks and Courses/TopicNetworksPyladies/./data/mixed_chapters/meyer_twilight_ch1.txt
12,6,25,/Users/lynn/Documents/My Talks and Courses/TopicNetworksPyladies/./data/mixed_chapters/eliot_middlemarch_ch48.txt
12,7,29,/Users/lynn/Documents/My Talks and Courses/TopicNetworksPyladies/./data/mixed_chapters/eljames_fiftyshades_ch2.txt
12,8,20,/Users/lynn/Documents/My Talks and Courses/TopicNetworksPyladies/./data/mixed_chapters/doyle_caseofidentity.txt
12,9,40,/Users/lynn/Documents/My Talks and Courses/TopicNetworksPyladies/./data/mixed_chapters/meyer_twilight_ch2.txt
12,10,17,/Users/lynn/Documents/My Talks and Courses/TopicNetworksPyladies/./data/mixed_chapters/brown_davinci_ch92.txt
12,11,21,/Users/lynn/Documents/My Talks and Courses/TopicNetworksPyladies/./data/mixed_chapters/doyle_redheadedleague.txt
12,12,39,/Users/lynn/Documents/My Talks and Courses/TopicNetworksPyladies/./data/mixed_chapters/meyer_twilight_ch15.txt
12,13,30,/Users/lynn/Documents/My Talks and Courses/TopicNetworksPyladies/./data/mixed_chapters/eljames_fiftyshades_ch23.txt
12,14,28,/Users/lynn/Documents/My Talks and Courses/TopicNetworksPyladies/./data/mixed_chapters/eljames_fiftyshades_ch18.txt
12,15,24,/Users/lynn/Documents/My Talks and Courses/TopicNetworksPyladies/./data/mixed_chapters/eliot_middlemarch_ch2.txt
12,16,18,/Users/lynn/Documents/My Talks and Courses/TopicNetworksPyladies/./data/mixed_chapters/conrad_secret_ch1.txt
12,17,9,/Users/lynn/Documents/My Talks and Courses/TopicNetworksPyladies/./data/mixed_chapters/barrie_peterpan_ch1.txt
12,18,7,/Users/lynn/Documents/My Talks and Courses/TopicNetworksPyladies/./data/mixed_chapters/austen_sense_ch27.txt
12,19,41,/Users/lynn/Documents/My Talks and Courses/TopicNetworksPyladies/./data/mixed_chapters/meyer_twilight_ch21.txt
12,20,26,/Users/lynn/Documents/My Talks and Courses/TopicNetworksPyladies/./data/mixed_chapters/eliot_middlemarch_ch73.txt
12,21,13,/Users/lynn/Documents/My Talks and Courses/TopicNetworksPyladies/./data/mixed_chapters/brown_angels_ch2_4.txt
12,22,15,/Users/lynn/Documents/My Talks and Courses/TopicNetworksPyladies/./data/mixed_chapters/brown_davinci_ch1.txt
12,23,5,/Users/lynn/Documents/My Talks and Courses/TopicNetworksPyladies/./data/mixed_chapters/austen_sense_ch1.txt
12,24,8,/Users/lynn/Documents/My Talks and Courses/TopicNetworksPyladies/./data/mixed_chapters/austen_sense_ch41.txt
12,25,12,/Users/lynn/Documents/My Talks and Courses/TopicNetworksPyladies/./data/mixed_chapters/brown_angels_ch1.txt
12,26,6,/Users/lynn/Documents/My Talks and Courses/TopicNetworksPyladies/./data/mixed_chapters/austen_sense_ch2.txt
12,27,4,/Users/lynn/Documents/My Talks and Courses/TopicNetworksPyladies/./data/mixed_chapters/austen_pride_ch50.txt
12,28,3,/Users/lynn/Documents/My Talks and Courses/TopicNetworksPyladies/./data/mixed_chapters/austen_pride_ch40.txt
12,29,14,/Users/lynn/Documents/My Talks and Courses/TopicNetworksPyladies/./data/mixed_chapters/brown_davinci_ch0.txt
12,30,42,/Users/lynn/Documents/My Talks and Courses/TopicNetworksPyladies/./data/mixed_chapters/stevenson_treasure_ch1.txt
12,31,16,/Users/lynn/Documents/My Talks and Courses/TopicNetworksPyladies/./data/mixed_chapters/brown_davinci_ch77.txt
12,32,32,/Users/lynn/Documents/My Talks and Courses/TopicNetworksPyladies/./data/mixed_chapters/grimms_snowdrop.txt
12,33,11,/Users/lynn/Documents/My Talks and Courses/TopicNetworksPyladies/./data/mixed_chapters/barrie_peterpan_ch2.txt
12,34,1,/Users/lynn/Documents/My Talks and Courses/TopicNetworksPyladies/./data/mixed_chapters/austen_pride_ch1.txt
12,35,36,/Users/lynn/Documents/My Talks and Courses/TopicNetworksPyladies/./data/mixed_chapters/lewis_lionwitch_ch14.txt
12,36,31,/Users/lynn/Documents/My Talks and Courses/TopicNetworksPyladies/./data/mixed_chapters/grimms_hanselgretel.txt
12,37,10,/Users/lynn/Documents/My Talks and Courses/TopicNetworksPyladies/./data/mixed_chapters/barrie_peterpan_ch15.txt
12,38,43,/Users/lynn/Documents/My Talks and Courses/TopicNetworksPyladies/./data/mixed_chapters/stevenson_treasure_ch2.txt
12,39,34,/Users/lynn/Documents/My Talks and Courses/TopicNetworksPyladies/./data/mixed_chapters/lewis_lionwitch_ch1.txt
12,40,35,/Users/lynn/Documents/My Talks and Courses/TopicNetworksPyladies/./data/mixed_chapters/lewis_lionwitch_ch12.txt
12,41,37,/Users/lynn/Documents/My Talks and Courses/TopicNetworksPyladies/./data/mixed_chapters/lewis_lionwitch_ch2.txt
12,42,33,/Users/lynn/Documents/My Talks and Courses/TopicNetworksPyladies/./data/mixed_chapters/grimms_wateroflife.txt
12,43,2,/Users/lynn/Documents/My Talks and Courses/TopicNetworksPyladies/./data/mixed_chapters/austen_pride_ch2.txt
